{"step_index": 4, "timestamp": 0.4, "episode_metadata": {"recording_folderpath": "dataset/episode_2025-11-04_16-43-13", "file_path": null}, "is_first": false, "is_last": false, "is_terminal": false, "language_instruction": "move the eye drops", "language_instruction_2": "", "language_instruction_3": "", "observation": {"gripper_position": null, "cartesian_position": null, "joint_position": null, "wrist_image_left": {"video_path": "recordings/MP4/wrist_image_left.mp4", "frame_index": 4}, "exterior_image_1_left": {"video_path": "recordings/MP4/exterior_image_1_left.mp4", "frame_index": 4}, "exterior_image_2_left": null}, "action_dict": {"gripper_position": null, "gripper_velocity": null, "cartesian_position": null, "cartesian_velocity": null, "joint_position": [0, 0, 0, 0, 0, -45], "joint_velocity": [100, 100, 100, 100, 100, 100]}, "discount": 1, "reward": null, "action": null}