{"step_index": 14, "timestamp": 1.4000000000000001, "episode_metadata": {"recording_folderpath": "dataset/episode_2025-11-04_16-43-13", "file_path": null}, "is_first": false, "is_last": false, "is_terminal": false, "language_instruction": "move the eye drops", "language_instruction_2": "", "language_instruction_3": "", "observation": {"gripper_position": null, "cartesian_position": null, "joint_position": null, "wrist_image_left": {"video_path": "recordings/MP4/wrist_image_left.mp4", "frame_index": 14}, "exterior_image_1_left": {"video_path": "recordings/MP4/exterior_image_1_left.mp4", "frame_index": 14}, "exterior_image_2_left": null}, "action_dict": {"gripper_position": 0, "gripper_velocity": 100, "cartesian_position": null, "cartesian_velocity": null, "joint_position": null, "joint_velocity": null}, "discount": 1, "reward": null, "action": null}