{"step_index": 110, "timestamp": 11.0, "episode_metadata": {"recording_folderpath": "dataset/episode_2025-11-04_16-43-13", "file_path": null}, "is_first": false, "is_last": false, "is_terminal": false, "language_instruction": "move the eye drops", "language_instruction_2": "", "language_instruction_3": "", "observation": {"gripper_position": 100, "cartesian_position": [207.3, 94.1, 138.8, -168.41, -1.13, -57.88], "joint_position": [41.57, -30.93, -93.07, 45.26, -3.16, 8.7], "wrist_image_left": {"video_path": "recordings/MP4/wrist_image_left.mp4", "frame_index": 110}, "exterior_image_1_left": {"video_path": "recordings/MP4/exterior_image_1_left.mp4", "frame_index": 110}, "exterior_image_2_left": null}, "action_dict": {"gripper_position": null, "gripper_velocity": null, "cartesian_position": null, "cartesian_velocity": null, "joint_position": [42, -12, -93, 31, -3, 2], "joint_velocity": [100, 100, 100, 100, 100, 100]}, "discount": 1, "reward": null, "action": null}