{"step_index": 87, "timestamp": 8.700000000000001, "episode_metadata": {"recording_folderpath": "dataset/episode_2025-11-04_16-43-13", "file_path": null}, "is_first": false, "is_last": false, "is_terminal": false, "language_instruction": "move the eye drops", "language_instruction_2": "", "language_instruction_3": "", "observation": {"gripper_position": 40, "cartesian_position": [268.7, -112.0, 120.4, -170.29, -3.78, -51.69], "joint_position": [-10.54, -82.08, -1.84, 3.42, 5.0, -49.21], "wrist_image_left": {"video_path": "recordings/MP4/wrist_image_left.mp4", "frame_index": 87}, "exterior_image_1_left": {"video_path": "recordings/MP4/exterior_image_1_left.mp4", "frame_index": 87}, "exterior_image_2_left": null}, "action_dict": {"gripper_position": null, "gripper_velocity": null, "cartesian_position": null, "cartesian_velocity": null, "joint_position": [42, -30, -93, 46, -4, 9], "joint_velocity": [100, 100, 100, 100, 100, 100]}, "discount": 1, "reward": null, "action": null}