{"step_index": 55, "timestamp": 5.5, "episode_metadata": {"recording_folderpath": "dataset/episode_2025-11-04_16-43-13", "file_path": null}, "is_first": false, "is_last": false, "is_terminal": false, "language_instruction": "move the eye drops", "language_instruction_2": "", "language_instruction_3": "", "observation": {"gripper_position": 100, "cartesian_position": [53.9, -63.9, 409.7, -91.62, -45.33, -88.05], "joint_position": [0.35, -0.61, -0.79, 0.26, 0.43, -45.26], "wrist_image_left": {"video_path": "recordings/MP4/wrist_image_left.mp4", "frame_index": 55}, "exterior_image_1_left": {"video_path": "recordings/MP4/exterior_image_1_left.mp4", "frame_index": 55}, "exterior_image_2_left": null}, "action_dict": {"gripper_position": 1, "gripper_velocity": 50, "cartesian_position": null, "cartesian_velocity": null, "joint_position": null, "joint_velocity": null}, "discount": 1, "reward": null, "action": null}