{
  "episode_id": "episode_2025-11-04_16-43-13",
  "language_instruction": "move the eye drops",
  "timestamp": "2025-11-04T16:43:13.387995",
  "camera_serial_numbers": {
    "exterior_image_1_left": "camera_2",
    "wrist_image_left": "camera_0"
  },
  "camera_type": {
    "exterior_image_1_left": 1,
    "wrist_image_left": 0
  },
  "recordings": {
    "mp4": {
      "exterior_image_1_left": "recordings/MP4/exterior_image_1_left.mp4",
      "wrist_image_left": "recordings/MP4/wrist_image_left.mp4"
    }
  },
  "fps": 10,
  "start_time": 1762274593.3879948,
  "end_time": 1762274608.0926752
}